Sexo,IdadeEvasao,PeriodoEvasao,baixorendimentonasdisciplinas,cenáriopolíticoeconômicoinstável,desinteressecomcursoescolhido,desinteressecomcursosuperioremgeral,desligamentoporcoeficienteabaixode3doissemestreconsecutivos,desligamentoporprazomáximo,desligamentoporreprovaçõesemtodasdisciplinasdoissemestresconsecutivos,dificuldadenaáreaescolhida,distanciamentodafamília,faixasalarialnãopromissora,fimderelacionamento,incompatibilidadedetempoentretrabalhoeestudo,oportunidadedeingressoemoutrafaculdadecommesmocurso,oportunidadedeingressoemoutrafaculdadeemcursodiferente,oportunidadedeingressonaufopemcursodiferente,oportunidadedeingressonoiceaemcursodiferente,oportunidadedetrabalho,perdasdeentesqueridos,problemadeadaptaçãocomocurso,problemascomaprendizadoemrelaçãoaoconteúdo,problemascomprofessoresespecíficos,problemascomumadisciplinaemespecífico,problemasfamiliares,problemasfinanceiros,problemaspsicológicos,positive_sent_pt,negative_sent_pt,positive_sent_en,negative_sent_en,PC1,PC2,PC3,PC4,PC5,PC6,PC7,PC8,PC9,PC10,PC11,PC12,PC13,PC14,Cluster
1,19.0,3,0.0,0.0,0.0,0.0,0.0,0.0,0.0,0.0,0.0,0.0,0.0,0.0,1.0,0.0,0.0,0.0,1.0,0.0,0.0,0.0,0.0,0.0,0.0,0.0,0.0,2.0,-1.0,2.0,-1.0,-1.0600734435572818,0.38562914275263654,-0.1841737268197307,-0.3550689631923687,0.25194765352518766,0.5890105769286956,-0.3446814147226297,-0.13233166486103665,0.20023134923604452,-0.042213422207883565,0.1750931343027864,0.27458899708940154,-0.021259295374689846,-0.024922662238477482,0
1,19.0,1,0.0,0.0,0.0,0.0,0.0,0.0,0.0,0.0,1.0,0.0,1.0,0.0,1.0,0.0,0.0,0.0,1.0,0.0,0.0,0.0,0.0,0.0,0.0,1.0,1.0,2.0,-1.0,1.0,-1.0,-0.47092067948328165,1.5977392630724316,-0.17899536371214184,0.10311616413823721,0.5825891431478828,0.2940222434084731,-0.7382713442211191,0.3168347020435269,0.1702924093619699,0.31811396528061103,-0.554555424541815,0.24399276906053416,-0.21717176366278326,0.2627912396384403,0
1,21.0,3,1.0,0.0,0.0,1.0,0.0,0.0,0.0,1.0,0.0,0.0,0.0,0.0,1.0,1.0,0.0,1.0,0.0,0.0,0.0,1.0,0.0,0.0,1.0,1.0,0.0,1.0,-2.0,1.0,-1.0,0.5797319487831897,0.9280018778669332,-0.20416731496388962,-1.3203151704989453,0.4048911122080833,-0.3587802150703357,0.6532315077737009,0.3489607931581012,-0.3409043722251946,0.45843687310976927,1.0088626548327246,-0.1687382171207893,0.3548791576498963,0.16214808913092635,1
0,23.0,8,1.0,0.0,0.0,0.0,0.0,0.0,0.0,0.0,0.0,0.0,0.0,0.0,0.0,0.0,0.0,0.0,0.0,0.0,0.0,1.0,1.0,1.0,0.0,0.0,1.0,1.0,-2.0,1.0,-3.0,0.9307793634148123,-0.17739157131454805,1.2086367195413596,0.09009773495079809,0.43902724457054304,0.19533080909472433,0.11987017331827325,0.5055856735204861,0.1524755500719718,-0.7317187147203987,-0.12156578287047119,-0.43371440470422384,0.4957173003947638,0.18515120445941438,1
0,20.0,1,0.0,0.0,1.0,0.0,0.0,0.0,0.0,0.0,0.0,0.0,0.0,0.0,0.0,0.0,0.0,0.0,0.0,0.0,0.0,0.0,0.0,0.0,0.0,0.0,0.0,1.0,-3.0,1.0,-3.0,-0.30728175333829816,-0.5627119004473692,-0.15321687070711462,0.7332842079063824,-0.03343436627870058,-0.5984191261675152,-0.06600239388734176,0.43291208482342086,0.09580148885814821,-0.10930060437325868,0.2986755346014293,-0.04535682668142556,0.04512456298727533,0.028173430632169625,0
1,20.0,2,1.0,0.0,0.0,0.0,0.0,0.0,0.0,1.0,0.0,0.0,0.0,0.0,0.0,1.0,0.0,0.0,0.0,0.0,0.0,0.0,0.0,1.0,0.0,0.0,1.0,2.0,-2.0,1.0,-2.0,0.6360027253912677,0.23337041595426924,0.1486533491988062,-0.4107175899268746,0.10220854378816563,0.14177572905889588,0.9553889709512012,0.28958169691686064,-0.1203853647660411,-0.23365596118217702,-0.7351104095298298,0.7321201332121022,0.13260747146540036,0.09657927432980443,1
1,19.0,2,0.0,0.0,0.0,0.0,0.0,0.0,0.0,0.0,0.0,0.0,0.0,0.0,0.0,1.0,0.0,0.0,0.0,0.0,0.0,0.0,0.0,0.0,0.0,0.0,0.0,1.0,-3.0,1.0,-3.0,-0.6014246116811629,-0.15979836274401052,0.09357134036242344,0.004930997003009374,-0.3689857520946482,-0.1807395049601213,0.7404847270375897,0.2851231805828391,-0.516145717082795,0.14500847339926815,-0.27747387127895123,0.0031231486355263027,-0.17025287734107464,0.22350699653732203,0
1,17.0,1,0.0,0.0,0.0,0.0,0.0,0.0,0.0,0.0,0.0,0.0,0.0,0.0,1.0,0.0,0.0,0.0,0.0,0.0,0.0,0.0,0.0,0.0,0.0,0.0,0.0,2.0,-1.0,2.0,-1.0,-1.0048416987252728,0.337957615647314,-0.08453886786216382,-0.2972374692418949,0.30864683598099263,0.38982074039955494,-0.1951180188188438,-0.1785675463010513,-0.19104161974088724,-0.13257779024347593,0.13088127975824312,0.13241207958407036,0.19715469606217237,-0.22408652384105449,0
1,28.0,4,0.0,0.0,0.0,0.0,0.0,0.0,0.0,0.0,0.0,0.0,0.0,1.0,0.0,0.0,0.0,0.0,0.0,0.0,0.0,0.0,0.0,0.0,0.0,0.0,0.0,1.0,-2.0,1.0,-2.0,-0.6540153815046732,-0.05315775040124549,0.30156577021082004,-0.17382078496430295,-0.5509163958244835,-0.10595119576745919,0.07507536054938195,0.057962107229718465,0.48417532293970655,0.05923572369789692,-0.16066920621564862,-0.20350200870099122,-0.3756354643739262,-0.2124069437859499,0
0,19.0,3,0.0,0.0,0.0,0.0,0.0,0.0,0.0,0.0,0.0,0.0,0.0,0.0,1.0,0.0,0.0,0.0,0.0,0.0,0.0,0.0,0.0,0.0,0.0,0.0,0.0,2.0,-1.0,2.0,-1.0,-0.9614250283061656,-0.07197549105800218,0.07256035288738608,-0.09879944526163215,0.9540028827624863,-0.03253539792016862,-0.3590730492661136,0.013536034979366587,0.034279353768937516,-0.20146067665732578,0.18306001645467918,0.09862438962746373,0.23810799712084005,-0.15260517360183726,0
1,23.0,8,1.0,0.0,0.0,0.0,1.0,0.0,0.0,1.0,0.0,0.0,0.0,0.0,0.0,0.0,0.0,0.0,0.0,0.0,0.0,1.0,0.0,0.0,0.0,0.0,1.0,1.0,-3.0,1.0,-2.0,0.943159518272243,0.6140519437298452,0.26898564053225615,-0.556030062922955,-0.3817711715503485,-0.3933232900664356,0.13578427183366606,-0.02077123750315642,0.06078262346126232,-0.7621766501857254,-0.24260251838256372,-0.09732710902421728,-0.08639313180919066,0.5224668744470006,1
1,22.0,4,0.0,0.0,0.0,0.0,0.0,0.0,0.0,0.0,0.0,0.0,0.0,0.0,0.0,1.0,0.0,0.0,0.0,0.0,1.0,0.0,0.0,0.0,0.0,0.0,0.0,1.0,-3.0,1.0,-3.0,-0.22079609515838744,-0.517351359727081,-0.10986541334828806,0.013305537646280789,-0.3850188355691245,-0.022518952449968956,0.34117763259805917,-0.07162753052233191,-0.7139992267882476,0.35819657073730543,-0.5609296036345937,-0.09731508795386667,-0.19193371407579055,0.08898929744097395,0
1,19.0,1,0.0,0.0,0.0,0.0,0.0,0.0,0.0,0.0,0.0,0.0,0.0,0.0,0.0,0.0,0.0,0.0,0.0,0.0,1.0,0.0,0.0,0.0,0.0,0.0,0.0,1.0,-1.0,1.0,-1.0,-0.36160572375326916,-0.2824208984400073,-0.38786715752174733,-0.26288774198288223,-0.1767568513008803,0.07775261036762655,-0.2861410122485682,-0.49420437539268997,-0.2219378561035888,0.1952255491066956,-0.4898985211377615,-0.38598575881455277,0.08478277106328991,-0.20647947748850118,0
1,23.0,6,0.0,0.0,1.0,0.0,0.0,0.0,0.0,0.0,0.0,0.0,0.0,0.0,0.0,0.0,0.0,1.0,0.0,0.0,0.0,0.0,0.0,0.0,0.0,0.0,1.0,1.0,-1.0,1.0,-1.0,-0.15126344218333665,0.3488492390204582,-0.7158030227090476,0.6564150485597835,-0.22805064524590285,0.211377289016522,0.18277306425252074,0.06112231019424195,0.4037257694880244,-0.38235172677150936,-0.009469853471680237,-0.5819793428772342,0.19772858830569084,0.10878517641294141,0
1,18.0,2,0.0,0.0,0.0,0.0,0.0,0.0,0.0,1.0,0.0,0.0,0.0,0.0,0.0,1.0,0.0,0.0,0.0,0.0,0.0,0.0,0.0,0.0,0.0,0.0,0.0,2.0,-1.0,2.0,-1.0,-0.412715549436185,-0.07982472671916561,-0.4548875932483809,-0.5837063447728408,0.29895573265574116,0.11555890113461278,0.8195562134859294,-0.20450372979350145,-0.2421683624827662,0.22497969973685086,-0.16619708662796318,0.4498267058349397,-0.3505869609504764,0.3325294505582373,0
1,19.0,1,0.0,0.0,0.0,0.0,0.0,0.0,0.0,0.0,0.0,0.0,0.0,0.0,1.0,0.0,0.0,0.0,0.0,0.0,0.0,0.0,0.0,0.0,0.0,0.0,0.0,2.0,-1.0,1.0,-2.0,-0.953725552010549,0.3145864163233901,0.01599783752313862,-0.28405660911145353,0.10639854065679813,0.2083377100736707,-0.26089736670557645,0.0349448712759931,-0.29320935359930195,-0.1267130471111784,0.0051820960459663485,0.03626533423708323,0.15119804915958077,-0.31884750715979193,0
0,18.0,1,0.0,0.0,1.0,0.0,0.0,0.0,0.0,0.0,0.0,1.0,0.0,0.0,0.0,1.0,0.0,0.0,0.0,0.0,0.0,0.0,0.0,0.0,0.0,0.0,0.0,2.0,-1.0,2.0,-1.0,-0.48531247720073767,-0.5329521186380668,-0.6831586348969265,0.5466449421778169,0.8591758650891113,-0.0500597088265624,0.8034924828679952,0.1587541331528505,0.2726880911330162,0.04581731940656787,0.04160364769611952,0.05542346240458654,0.0740980984201414,0.03988877152396523,0
1,22.0,2,1.0,0.0,0.0,0.0,0.0,0.0,0.0,0.0,0.0,0.0,0.0,0.0,0.0,0.0,0.0,0.0,0.0,0.0,0.0,1.0,0.0,1.0,0.0,0.0,0.0,1.0,-3.0,1.0,-2.0,0.37249083100640906,-0.050644310607198435,0.5978827784614479,-0.6370017873015461,-0.5099848929036269,0.10740138769138097,0.22871893921887743,0.34811033755360227,0.08620283046834482,-0.33788042663969503,-0.0002339899417456067,0.021505818739942277,0.8464089290720348,0.11644153656116712,1
1,20.0,5,1.0,0.0,1.0,1.0,0.0,0.0,0.0,1.0,1.0,0.0,0.0,0.0,0.0,0.0,0.0,0.0,0.0,0.0,1.0,1.0,0.0,1.0,0.0,1.0,1.0,1.0,-3.0,1.0,-2.0,2.005727842345965,0.5381939833594996,-0.365294789589214,-0.08871933760744682,-0.24483119186991686,0.15879682375134796,-0.4959035189292136,0.6236298647292855,0.03319721604940323,0.3253458421561816,-0.18521991833232704,0.40679828288091857,0.563715520553407,0.42019606794776154,1
1,22.0,3,0.0,0.0,0.0,0.0,0.0,0.0,0.0,0.0,0.0,0.0,0.0,0.0,1.0,0.0,0.0,0.0,0.0,0.0,0.0,0.0,0.0,0.0,0.0,0.0,0.0,1.0,-1.0,1.0,-2.0,-0.9170981711058644,0.3009050291648661,-0.021278438019280848,-0.3009873050177305,-0.03897745694127499,0.09785036762515989,-0.28623552199447955,0.18962462913217573,-0.3239382554749684,-0.0928629124261397,0.05014643732551916,-0.19260484373852704,0.14610999381062365,-0.3366491693576241,0
0,20.0,2,0.0,0.0,0.0,0.0,0.0,0.0,0.0,0.0,0.0,0.0,0.0,0.0,0.0,1.0,0.0,0.0,0.0,0.0,0.0,0.0,0.0,0.0,0.0,0.0,0.0,1.0,-1.0,1.0,-1.0,-0.6887008443703617,-0.4233846912773475,-0.17400364681953542,-0.1096986031487245,0.6882209113157284,-0.4216009076014237,0.6530847021729995,0.3008405256346013,-0.02231848716678799,0.10893595717982564,-0.3691523392976301,-0.2833971054192735,0.03358943861658622,0.08969286997229196,0
1,25.0,9,0.0,0.0,1.0,0.0,0.0,0.0,0.0,0.0,1.0,0.0,0.0,0.0,1.0,0.0,0.0,0.0,1.0,0.0,0.0,0.0,0.0,0.0,0.0,0.0,1.0,1.0,-3.0,1.0,-3.0,-0.23538003063852692,0.8461700375675519,-0.38177857647387897,0.8236144693921215,-0.2991561418303495,0.4849789182349985,-0.7289770486351371,0.922042600151688,0.06998071399861977,-0.22566244645044592,0.018718045098827383,0.14058681524671815,-0.3278665431398327,0.4122035831381582,0
1,25.0,6,0.0,0.0,0.0,0.0,0.0,0.0,0.0,0.0,1.0,0.0,0.0,0.0,1.0,0.0,0.0,0.0,1.0,0.0,0.0,0.0,0.0,0.0,0.0,0.0,0.0,1.0,-1.0,1.0,-1.0,-0.9260026129580029,0.7307071513681128,-0.34076530389301085,-0.34318380833938295,0.10413677723234296,0.4489702578292466,-0.6886216045051754,0.5168922524005755,0.06492571831278421,0.07201424136984406,-0.01041830940827819,0.05227896678323052,-0.1630305839294768,0.11972849522954837,0
0,19.0,4,0.0,0.0,0.0,0.0,0.0,0.0,0.0,0.0,0.0,0.0,0.0,0.0,0.0,0.0,0.0,0.0,0.0,0.0,1.0,1.0,1.0,1.0,0.0,0.0,0.0,1.0,-3.0,1.0,-3.0,0.5935698901194653,-1.0920348815092196,0.9654577002813329,0.014864732807465756,0.23394249051382557,0.31681444375538537,-0.43417101985280077,0.22159522573779028,-0.30894714642243476,0.30253865024603854,-0.054084060559248935,-0.49178675142148376,0.34157181493161315,0.13300885770744791,1
1,23.0,5,1.0,0.0,1.0,0.0,0.0,0.0,0.0,0.0,0.0,0.0,0.0,0.0,0.0,1.0,0.0,0.0,0.0,0.0,0.0,0.0,1.0,0.0,0.0,0.0,0.0,1.0,-2.0,1.0,-2.0,0.27857005048167155,-0.05475206592690351,-0.2864266630800325,0.30948867117743917,-0.10576316581240898,0.20230415433212529,1.0827411312438955,0.3461568072734551,-0.39998725675136976,-0.45554088223057093,0.31320917378464086,-0.08663121468521227,-0.19042692638470357,-0.5216489295777752,0
1,18.0,2,0.0,0.0,0.0,0.0,0.0,0.0,0.0,0.0,0.0,0.0,0.0,1.0,0.0,0.0,0.0,0.0,0.0,0.0,0.0,0.0,0.0,0.0,0.0,0.0,0.0,1.0,-1.0,1.0,-2.0,-0.6867289215859339,-0.006786778925465217,0.1881855595201116,-0.26422665046065785,-0.4055603624472858,-0.057076488093907016,0.10023485566567658,-0.002823890049796377,0.5123675086094378,0.08715518709157197,-0.19376506390080758,-0.283105084873771,-0.34010502738307785,-0.2983315522200231,0
1,38.0,1,0.0,0.0,0.0,0.0,1.0,0.0,0.0,0.0,0.0,0.0,0.0,0.0,0.0,0.0,0.0,0.0,0.0,0.0,0.0,0.0,0.0,0.0,0.0,0.0,0.0,1.0,-2.0,1.0,-2.0,-0.5598064263911872,0.22304824778488574,0.14271327275302254,-0.013880779720471767,-0.48876468932146994,-0.33449416072645277,0.10517893130637475,-0.22515030786014134,-0.026462629972347464,0.030095825120624895,-0.22173985740108945,-0.1657740747417763,0.021723268917357402,-0.14577463511881053,0
1,24.0,3,0.0,0.0,1.0,0.0,0.0,0.0,0.0,1.0,0.0,0.0,0.0,0.0,0.0,0.0,0.0,0.0,0.0,0.0,1.0,0.0,0.0,1.0,0.0,0.0,0.0,1.0,-2.0,1.0,-2.0,0.5743763673704975,-0.6580469764852424,-0.603323082369485,0.017631441370735544,-0.5175225294580359,0.240180911614837,-0.28490838824583975,0.08177645338868193,-0.11436805954278327,0.6076673431187467,-0.10779968659639289,0.34037408435130967,0.2229030884739303,-0.2529929341430621,1
1,23.0,2,1.0,0.0,0.0,0.0,0.0,0.0,0.0,1.0,0.0,0.0,0.0,0.0,0.0,0.0,0.0,0.0,0.0,0.0,0.0,1.0,0.0,0.0,0.0,0.0,0.0,1.0,-3.0,1.0,-3.0,0.5311510013099792,0.004524324423858728,0.21566037263175714,-0.9541805536515556,-0.5161230904072034,-0.39861309355132035,0.1194638402612125,0.1271726600089501,-0.21216463182563278,-0.5412123104457283,0.291852123920363,0.15185838499061416,-0.08367518394873105,0.42283641877973416,1
1,25.0,4,0.0,0.0,1.0,0.0,0.0,0.0,0.0,0.0,0.0,0.0,0.0,0.0,0.0,0.0,0.0,0.0,0.0,0.0,0.0,0.0,0.0,0.0,0.0,0.0,0.0,1.0,-2.0,1.0,-2.0,-0.3965843550871535,-0.08901782158780974,-0.4960535783297719,0.4379929856005248,-0.5378032271171517,-0.061249133455896165,0.10407874276633235,0.17621919145071657,0.05477751914639612,-0.07452372639161808,0.19436178257404774,-0.1471005498767778,0.11707647060982793,-0.08824012673251039,0
0,22.0,8,1.0,0.0,0.0,0.0,0.0,0.0,0.0,0.0,0.0,0.0,0.0,0.0,0.0,0.0,0.0,0.0,0.0,0.0,1.0,0.0,1.0,1.0,0.0,0.0,1.0,3.0,-2.0,3.0,-3.0,0.8651268834707981,-0.4940756430486465,0.9942040671830527,0.6532492729397715,0.8813273093888762,0.6924118944777733,-0.10068732992867853,-0.655004151616997,7.732207007994695e-05,-0.542011276236871,-0.2967916683525514,0.5840056062808454,0.294971210293035,-0.10603545569676288,1
1,24.0,4,1.0,0.0,0.0,0.0,0.0,0.0,0.0,1.0,0.0,0.0,0.0,0.0,0.0,0.0,0.0,0.0,0.0,0.0,1.0,1.0,1.0,1.0,0.0,0.0,0.0,1.0,-1.0,1.0,-4.0,1.327976328503585,-0.5251588033767279,0.5875894082658678,-0.8586133720517538,-0.27136116429073637,0.5059686997763313,-0.13846721849652951,-0.09326702101635269,-0.48674087396410626,-0.036545779272020185,0.09530767427681412,-0.01336971325634995,0.11848941396491537,-0.20201921899116065,1
1,31.0,3,0.0,0.0,0.0,0.0,0.0,0.0,0.0,0.0,0.0,0.0,0.0,1.0,0.0,0.0,0.0,0.0,0.0,0.0,0.0,0.0,0.0,0.0,0.0,0.0,0.0,1.0,-3.0,1.0,-3.0,-0.5993259981684979,-0.1264714557780911,0.5136032931627104,-0.03598946392294525,-0.7503936057161232,-0.2032465451067345,0.046950917789868055,0.13423260613250199,0.3470953345653766,0.05805992865522006,-0.09733980080441161,-0.07265400614342464,-0.46954438896915673,-0.1321999796817463,0
1,24.0,5,0.0,0.0,1.0,0.0,0.0,0.0,0.0,0.0,0.0,0.0,0.0,0.0,0.0,0.0,0.0,1.0,0.0,0.0,1.0,0.0,0.0,0.0,0.0,0.0,0.0,2.0,-1.0,3.0,-2.0,-0.11552518331288714,-0.3964575166851413,-0.8056091613244191,0.5488012249503955,-0.12155740238961794,0.6133295759345568,-0.10349059856221629,-0.8228061265335127,0.1239317775515588,0.0448096853248688,0.46019782261960235,0.06427335249433089,0.2140812942040097,-0.00013588955901877738,0
0,18.0,1,0.0,0.0,0.0,0.0,0.0,0.0,0.0,0.0,0.0,0.0,0.0,0.0,0.0,1.0,0.0,0.0,0.0,0.0,0.0,0.0,0.0,0.0,1.0,1.0,0.0,1.0,-3.0,2.0,-2.0,-0.3952042249348224,0.00762682090953057,0.3029969432386836,0.26748685290924895,0.6597031309893845,-0.8993657209058642,0.7297636788367916,-0.08083494242037632,-0.19936041844158792,0.8654724009689182,0.2766681843187769,-0.03682181348771348,0.147722888278001,0.48693731345787494,0
1,51.0,1,0.0,0.0,0.0,0.0,0.0,0.0,0.0,0.0,0.0,0.0,0.0,1.0,0.0,0.0,0.0,0.0,0.0,0.0,0.0,0.0,0.0,0.0,0.0,0.0,0.0,1.0,-2.0,1.0,-2.0,-0.6860563621828669,-0.06598771095306637,0.3340991870555443,-0.197288990979279,-0.5997563263057897,-0.11009757238352698,0.08813327276898356,0.02446764550957641,0.533274594703805,0.07589026212686872,-0.18127313986097768,-0.19128672222934995,-0.4019455295228909,-0.2583968211414405,0
1,32.0,7,0.0,0.0,0.0,0.0,0.0,0.0,0.0,0.0,0.0,0.0,0.0,1.0,0.0,0.0,0.0,0.0,0.0,0.0,0.0,0.0,0.0,1.0,0.0,0.0,0.0,1.0,-2.0,1.0,-2.0,-0.4098160359087457,-0.21100282505695317,0.6209723501929116,-0.14561057926851004,-0.6292880883183514,0.21925404719608682,0.10094698525377242,0.32890364742185657,0.6502402096843914,0.35745995510552464,-0.2821554379665094,0.04244881407570205,0.15444301849781852,-0.32746636187679234,0
1,18.0,3,0.0,0.0,0.0,0.0,0.0,0.0,0.0,0.0,0.0,0.0,0.0,0.0,0.0,1.0,0.0,0.0,0.0,0.0,0.0,0.0,0.0,0.0,0.0,0.0,0.0,2.0,-2.0,2.0,-2.0,-0.7121284328167501,-0.08929905789446665,-0.047624167667583796,-0.0301450652561579,0.04632266155877142,0.1824459610088499,0.8290945829891875,-0.13046991377804054,-0.29187929689117803,0.088628502295416,-0.21644229931225678,0.24311073558460838,-0.060525638011738304,0.29327780068153464,0
1,23.0,4,1.0,0.0,0.0,0.0,0.0,0.0,0.0,0.0,1.0,0.0,0.0,0.0,0.0,0.0,0.0,0.0,0.0,1.0,0.0,0.0,0.0,0.0,1.0,1.0,1.0,2.0,-1.0,3.0,-1.0,0.30592095043111744,1.5776904841272525,0.12125019433365594,0.3179791686546961,0.6365185848830173,-0.01792223151278644,0.1899956001819937,-0.7320632280874968,0.21287776892970806,0.03563333350162019,0.08027305200933782,0.22886289148419006,0.21800086682821143,0.5102524513627668,1
1,20.0,3,0.0,0.0,0.0,0.0,0.0,0.0,0.0,0.0,0.0,0.0,0.0,0.0,1.0,0.0,0.0,0.0,0.0,0.0,0.0,0.0,0.0,0.0,0.0,0.0,0.0,1.0,-2.0,1.0,-1.0,-0.9119434927014244,0.29767883330027367,-0.05056763011035677,-0.3107779094165576,-0.037342458790320325,0.07358173541214352,-0.2801988549640699,0.22559573030742333,-0.3202746689216603,-0.10133381303534436,0.041617494669587016,-0.16024711055731442,0.1477834610723777,-0.28493741978303117,0
1,21.0,5,0.0,0.0,0.0,0.0,0.0,0.0,0.0,0.0,0.0,0.0,0.0,0.0,0.0,0.0,0.0,0.0,1.0,0.0,0.0,1.0,0.0,0.0,0.0,0.0,0.0,1.0,-1.0,1.0,-1.0,-0.45047168195052206,0.07808510993638554,-0.13536923227188608,-0.6602532887777217,-0.24294281829042785,0.3174524859310931,-0.10404710247148405,0.047926101415591886,0.49200584883417015,-0.0336546064611859,-0.012138962106896342,-0.5250527321932215,0.11220467470968157,0.6078684870011886,0
1,46.0,1,0.0,0.0,0.0,0.0,0.0,0.0,0.0,0.0,0.0,0.0,0.0,0.0,0.0,0.0,0.0,0.0,1.0,0.0,0.0,0.0,0.0,0.0,0.0,0.0,0.0,3.0,-1.0,2.0,-1.0,-0.9057231728961804,0.11316086038140372,-0.12167555578322102,-0.18320173546390767,0.041589115738555664,0.5109346732751162,0.03571954010847671,-0.5988420253366806,0.575213736113644,-0.04436182015009225,-0.08684350919881044,0.46084150614131064,-0.09103795184156384,0.297248025558684,0
1,22.0,4,1.0,0.0,1.0,1.0,0.0,0.0,0.0,0.0,0.0,0.0,0.0,1.0,0.0,0.0,0.0,1.0,1.0,0.0,0.0,0.0,0.0,0.0,0.0,0.0,0.0,1.0,-1.0,1.0,-1.0,0.059162709746090135,0.26049018353308256,-0.6762184737622668,-0.1891639027299376,-0.47740645772792994,0.202410946430672,0.26761019438361366,0.3051989564959051,1.34690300784707,-0.2911935380454332,0.6676990820273834,-0.06705012244557546,-0.19560915322981964,-0.6209122758331265,0
1,20.0,3,0.0,0.0,1.0,0.0,0.0,0.0,0.0,1.0,1.0,0.0,0.0,0.0,0.0,0.0,0.0,0.0,0.0,0.0,0.0,0.0,0.0,0.0,0.0,0.0,0.0,1.0,-3.0,1.0,-3.0,0.10182457763650346,0.12929759261237095,-0.5998374906340412,0.2605597763896628,-0.5513285325340842,-0.20612151699933182,-0.2378022665697343,0.575087855115565,-0.27531460074515235,0.1302735549667991,0.31392114642119373,0.46629980387295994,-0.4849789411355238,0.4078031586031654,0
1,19.0,1,0.0,0.0,1.0,0.0,0.0,0.0,0.0,0.0,0.0,0.0,0.0,0.0,0.0,0.0,0.0,0.0,1.0,0.0,1.0,0.0,0.0,0.0,0.0,0.0,0.0,1.0,-1.0,1.0,-1.0,-0.1534924182890401,-0.314346812286959,-1.0432020868666625,0.17160697835362415,-0.3305532969409941,0.3619576284594247,-0.37402440490281746,-0.24365975202829068,0.3240935720097321,0.29690972228179474,-0.13540348385875087,-0.22341902599158336,-0.07184804130288158,-0.18203587558164605,0
1,25.0,1,0.0,0.0,0.0,0.0,0.0,0.0,0.0,0.0,0.0,0.0,0.0,0.0,1.0,0.0,0.0,0.0,0.0,0.0,0.0,0.0,0.0,0.0,0.0,0.0,0.0,1.0,-1.0,1.0,-2.0,-0.9281722621381597,0.3004369340138663,-0.02072132323144314,-0.3195706913534885,-0.03404915275523981,0.09144980419351145,-0.27613886917896885,0.17729654153354507,-0.32537967247683175,-0.07779428981714065,0.041347106918787103,-0.18798045554930545,0.1334478249913737,-0.3594101700427808,0
0,22.0,3,0.0,0.0,0.0,0.0,0.0,0.0,0.0,0.0,0.0,0.0,0.0,0.0,1.0,0.0,0.0,0.0,0.0,0.0,0.0,0.0,0.0,0.0,0.0,0.0,0.0,2.0,-1.0,2.0,-1.0,-0.9639271651920711,-0.07394216421886503,0.07770052769759703,-0.09808481712833575,0.9448841173418876,-0.03165088950967059,-0.35941149256400506,0.01110322465684829,0.04259201278519051,-0.20242528133049228,0.18185921569220928,0.09948039571197329,0.2369214870797444,-0.1545265319252571,0
1,19.0,1,1.0,1.0,1.0,1.0,0.0,0.0,0.0,1.0,1.0,0.0,0.0,0.0,0.0,1.0,0.0,0.0,0.0,1.0,1.0,1.0,1.0,1.0,0.0,0.0,1.0,1.0,-2.0,1.0,-2.0,2.197509628269901,0.2482194734255648,-0.32522992676286244,-0.08105953396255763,0.3957959283907356,1.0072351351093682,0.4120453405752143,0.9486883397552223,-0.44681192493160055,0.27304014456667425,-0.1949380967678915,-0.10195228101733876,-0.299073155934015,-0.016181962009531863,1
1,23.0,14,1.0,0.0,1.0,0.0,1.0,0.0,0.0,0.0,0.0,0.0,0.0,0.0,0.0,0.0,0.0,0.0,0.0,0.0,0.0,0.0,0.0,1.0,0.0,1.0,1.0,1.0,-4.0,1.0,-4.0,1.0153827602280505,0.7026500724440387,0.47782196166707647,1.0815287307206491,-0.8405363270460283,-0.4476882283123794,0.19378171412071057,0.3598848496669507,0.1850881604233554,-0.15087662685546832,-0.17988806928992526,0.5434606118342572,0.7765639754129319,-0.16542291171760934,1
1,27.0,3,0.0,0.0,1.0,0.0,0.0,0.0,0.0,0.0,0.0,1.0,0.0,0.0,0.0,0.0,0.0,0.0,0.0,0.0,1.0,0.0,1.0,0.0,0.0,0.0,0.0,1.0,-2.0,2.0,-1.0,0.12515947610607978,-0.5126451193357738,-0.48943494050550457,0.605337622403175,-0.08589031927653598,0.6364702363036462,-0.0892852269041045,-0.4546437405253869,-0.2670230153370659,0.09650909550524248,0.23388342891699748,-0.3966388446813111,-0.2534395626902777,-0.42260052840325874,0
1,22.0,4,1.0,0.0,0.0,0.0,0.0,0.0,0.0,1.0,0.0,0.0,0.0,0.0,0.0,0.0,0.0,0.0,0.0,0.0,1.0,1.0,1.0,1.0,1.0,1.0,0.0,1.0,-2.0,1.0,-3.0,1.5590747555409312,0.022698667058530693,0.7197512853237682,-0.7619200533128159,-0.11275181804492121,0.015169403511463609,-0.060741375709114795,-0.38781322740769797,-0.476378695771905,0.7258235014202686,0.47404039435546724,-0.08868323538432243,0.36804668370468535,-0.022500475285837575,1
1,21.0,3,1.0,0.0,0.0,0.0,0.0,0.0,0.0,1.0,0.0,0.0,0.0,0.0,0.0,0.0,0.0,0.0,0.0,0.0,1.0,1.0,1.0,0.0,0.0,0.0,0.0,1.0,-3.0,1.0,-3.0,1.1274835207938048,-0.4123219920193796,0.34028010565958333,-0.8078757822943768,-0.31543338770838136,0.10555626396838774,-0.18267197025839144,-0.26177490533451897,-0.6967305641964711,-0.368909630445139,0.2441626895026648,-0.14935707420957314,-0.44267751520670046,0.05515972652966084,1
1,21.0,4,0.0,0.0,0.0,0.0,0.0,0.0,0.0,0.0,0.0,0.0,0.0,0.0,0.0,1.0,0.0,0.0,0.0,0.0,0.0,0.0,0.0,0.0,0.0,0.0,0.0,1.0,-1.0,1.0,-1.0,-0.7174757433825953,-0.01841541375262035,-0.316796572714128,-0.26882597005758235,0.005651959900368061,0.016209882813090947,0.7958310970955733,0.12609468858388986,-0.21981864962412712,0.14478778435617784,-0.40733481746801165,-0.2562901735875814,0.014400945073131395,0.05796944613312864,0
0,25.0,2,0.0,0.0,0.0,0.0,0.0,0.0,0.0,1.0,0.0,0.0,0.0,1.0,0.0,0.0,0.0,0.0,0.0,0.0,1.0,1.0,0.0,0.0,0.0,0.0,0.0,1.0,-3.0,1.0,-3.0,0.5099926948220913,-0.986125945100612,0.3755675207331904,-0.647658980039533,0.007403098461283487,-0.4633439143590088,-0.5831831263667386,0.09011849815271146,0.33076663683703117,0.29306650434825204,-0.08474052233832963,-0.24265945113398124,-0.6435283626546334,0.34283763813276086,1
1,20.0,1,0.0,0.0,0.0,0.0,0.0,0.0,0.0,0.0,1.0,0.0,0.0,0.0,1.0,0.0,0.0,0.0,0.0,0.0,0.0,0.0,0.0,0.0,0.0,0.0,0.0,1.0,-1.0,1.0,-1.0,-0.881126662459673,0.6872501644384478,-0.2531452097792148,-0.31501396422578687,0.1910253295186975,0.23796830512638795,-0.5230671211333947,0.45824626536891055,-0.34929102370757503,0.0066643189306666,-0.06482715765674488,-0.08510138364954213,0.03935642938124968,-0.10877347159221415,0
1,22.0,6,0.0,0.0,1.0,0.0,0.0,0.0,0.0,0.0,0.0,0.0,0.0,0.0,0.0,0.0,0.0,1.0,0.0,0.0,0.0,0.0,0.0,0.0,0.0,0.0,0.0,1.0,-1.0,3.0,-1.0,-0.48256770567456586,-0.01824457546707774,-0.7581095798703149,0.4546286339869009,-0.15537577413034254,0.38310372556797606,0.28489371423870724,-0.32945700550398543,0.36525213501906867,-0.14234490437746283,0.7543882211718668,-0.11420315142548983,0.28113643453928333,0.1072222242778893,0
1,25.0,3,0.0,0.0,0.0,0.0,0.0,0.0,0.0,0.0,0.0,0.0,0.0,0.0,1.0,0.0,0.0,0.0,0.0,0.0,0.0,0.0,1.0,0.0,0.0,0.0,0.0,3.0,-3.0,3.0,-3.0,-0.7185137096684853,0.12219825128005762,0.7584592877749889,0.26854674539838097,0.29193078974854186,0.8267558236497856,-0.12036201967251901,-0.3768624888724612,-0.6264879655986001,-0.27506130647349814,0.6346623554031318,0.5561721731407936,-0.2854547027072104,-0.09795697850598069,0
1,21.0,5,1.0,0.0,1.0,0.0,0.0,0.0,0.0,0.0,1.0,0.0,0.0,0.0,0.0,0.0,0.0,0.0,0.0,0.0,1.0,1.0,0.0,0.0,0.0,0.0,1.0,2.0,-1.0,1.0,-1.0,1.0282272901840406,0.47893921703879816,-0.7422439415311158,0.13131803035265088,0.07071408134605339,0.5540084233084593,-0.3817608759618538,-0.02510824950960128,0.1832966539999128,-0.6628095120954044,-0.4716690192846349,-0.32544785271864746,0.31493106631251044,0.35595727060836724,1
1,27.0,3,1.0,0.0,0.0,0.0,1.0,0.0,1.0,0.0,0.0,0.0,0.0,1.0,0.0,0.0,0.0,0.0,0.0,0.0,1.0,1.0,1.0,1.0,1.0,0.0,1.0,2.0,-4.0,2.0,-4.0,1.5523856835603518,0.3067478783832576,1.7094346606608075,0.23451409467987394,-0.3840450033889753,0.5485666515536642,0.15270529909504854,-0.7741910296818705,0.27067805878839424,0.15252051561194852,-0.04720552602030824,-0.29203806726207265,-0.07151268394649841,-0.2379309670599141,1
1,24.0,8,0.0,0.0,0.0,0.0,0.0,0.0,0.0,0.0,0.0,0.0,0.0,0.0,0.0,0.0,0.0,1.0,0.0,0.0,0.0,1.0,1.0,0.0,1.0,0.0,1.0,1.0,-3.0,3.0,-3.0,0.2870822076476011,0.37825350130095575,0.8831574933737182,0.39600569512267686,-0.05962239254838106,0.6248382416446604,0.3096111711823781,-0.5031703691006018,-0.144506342051214,-0.17069207443797282,0.9002526669151265,-0.908411428411988,-0.12206672341204604,1.0230624880732402,0
0,25.0,4,0.0,0.0,0.0,0.0,0.0,0.0,0.0,0.0,0.0,0.0,0.0,1.0,0.0,0.0,0.0,0.0,0.0,0.0,0.0,1.0,1.0,1.0,0.0,0.0,0.0,1.0,-3.0,1.0,-3.0,0.22932694073910653,-0.7864608720738859,1.4336869850172635,-0.07249566015342114,0.08735429509513008,0.21583584327528188,-0.023960012068532478,0.6777006549051905,0.5147378689589581,0.19979107444424782,0.1966187896631025,-0.4326142396560648,-0.047888813466681,0.005195142582321865,0
0,19.0,1,1.0,0.0,1.0,0.0,0.0,0.0,0.0,1.0,0.0,0.0,0.0,0.0,0.0,0.0,1.0,0.0,0.0,0.0,1.0,1.0,0.0,0.0,0.0,0.0,0.0,1.0,-1.0,2.0,-1.0,1.0833401649602317,-0.793419661904592,-0.8414511829006606,-0.46553947918839683,0.540856817540298,-0.34984653110530023,-0.33225036535044267,-0.23291055737326985,0.2205012995136435,-0.5198910785289125,0.4522732977784313,-0.11285774321064374,0.174027889250625,0.16603656024367758,1
1,18.0,1,0.0,0.0,1.0,0.0,0.0,0.0,0.0,0.0,0.0,0.0,0.0,0.0,0.0,1.0,0.0,0.0,0.0,0.0,0.0,0.0,0.0,0.0,0.0,0.0,0.0,1.0,-1.0,1.0,-1.0,-0.4575826245309168,-0.09660800797967545,-0.8765015647160664,0.2136130276171052,-0.08138218000709108,0.09728769231784233,0.8628414628344415,0.3262667286443911,-0.07270811483554711,0.16444573802782284,-0.10045063263485211,-0.2343015025790904,0.07084179810177688,-0.1265301819689885,0
0,19.0,1,0.0,0.0,0.0,0.0,0.0,0.0,0.0,0.0,0.0,0.0,0.0,0.0,0.0,1.0,0.0,0.0,0.0,0.0,0.0,0.0,0.0,0.0,0.0,0.0,0.0,2.0,-1.0,1.0,-1.0,-0.7227103394591218,-0.41176370856433037,-0.13100905805912202,-0.08264248125238942,0.8204941971634189,-0.3068813569581743,0.6729796805399404,0.14948653286812927,0.018829225395438576,0.06642613907159314,-0.4111179495966984,-0.05584044777301283,0.0436243166605567,0.11663344780204604,0
1,22.0,2,0.0,0.0,0.0,0.0,0.0,0.0,0.0,0.0,0.0,0.0,0.0,0.0,0.0,0.0,0.0,0.0,0.0,0.0,1.0,0.0,0.0,1.0,0.0,0.0,0.0,3.0,-3.0,1.0,-3.0,-0.06330441937294509,-0.5618722078317966,0.4376197478903066,0.11320431716852325,-0.3883855191216163,0.44361714709710376,-0.2865993402795732,-0.3594798617809524,-0.2518378766587494,0.39165300138561654,-0.5590572984159061,0.5715793254575671,0.46056633634582844,-0.08320190547732517,0
1,20.0,1,0.0,0.0,0.0,0.0,0.0,0.0,0.0,0.0,0.0,0.0,0.0,0.0,0.0,0.0,0.0,0.0,0.0,0.0,0.0,0.0,1.0,0.0,0.0,0.0,0.0,3.0,-4.0,3.0,-4.0,-0.44543891795158175,-0.21160464125068346,0.9283182952804439,0.5426136346723083,-0.14075305873023533,0.5260509190877044,0.2160808336068308,-0.5865546338086305,-0.5294851878525929,-0.22430042527215302,0.49243033676147896,0.6354439540898941,-0.44493904132013756,0.3005363954466684,0
1,27.0,6,0.0,0.0,1.0,0.0,0.0,0.0,0.0,0.0,0.0,0.0,0.0,0.0,0.0,0.0,0.0,0.0,0.0,0.0,0.0,0.0,1.0,0.0,0.0,0.0,1.0,2.0,-3.0,2.0,-4.0,0.14682660884420456,0.08178350668847519,0.32642560129066805,1.2658413949557425,-0.3056035098391872,0.5542908444788273,0.18339289999094263,-0.06578682776271066,-0.23023822707876207,-0.4582218930254384,0.2350429020066998,0.014982133691687684,-0.40065695398093276,0.2015235014642866,0
0,18.0,1,0.0,0.0,0.0,0.0,0.0,0.0,0.0,0.0,0.0,0.0,0.0,0.0,0.0,0.0,0.0,0.0,0.0,0.0,1.0,0.0,0.0,0.0,0.0,0.0,0.0,2.0,-3.0,2.0,-2.0,-0.28464567762028864,-0.8008051765452793,0.12777617289745888,0.233307936813924,0.41538035290709935,-0.2411181265614371,-0.4252112634221101,-0.5046129473671286,-0.13920969294523058,0.06952910707221223,-0.221126533858572,0.1620297561158464,0.002020597349326972,0.1613798999353228,0
1,31.0,4,0.0,0.0,0.0,0.0,0.0,0.0,0.0,0.0,0.0,0.0,0.0,0.0,0.0,0.0,0.0,0.0,0.0,0.0,0.0,0.0,0.0,0.0,0.0,0.0,0.0,1.0,-1.0,1.0,-2.0,-0.704319584265545,0.02777278275621797,-0.02974623618548076,-0.14140416289409388,-0.3379041691851058,-0.09326190142934368,0.06597883257626336,-0.10022866259160156,-0.03299634557774786,-0.062425556612226867,-0.15462099473710458,-0.2430987463061511,0.08528668167153912,-0.008410814313487506,0
1,32.0,2,0.0,0.0,0.0,0.0,0.0,0.0,0.0,0.0,0.0,0.0,0.0,0.0,0.0,0.0,1.0,0.0,0.0,0.0,0.0,0.0,0.0,0.0,0.0,0.0,0.0,1.0,-3.0,1.0,-3.0,-0.6012037288043081,-0.1719677685500637,0.22999262222185168,0.10334017107458089,-0.6372494389482073,-0.348737337745676,-0.049026638327166396,-0.0010769852864130275,-0.27556318390984763,-0.23460780303731846,-0.0018485918794473818,-0.0730458673430495,-0.040729021046936084,0.2124373317697219,0
1,23.0,2,1.0,0.0,0.0,0.0,0.0,0.0,0.0,0.0,0.0,0.0,0.0,1.0,0.0,0.0,0.0,0.0,0.0,0.0,0.0,1.0,0.0,0.0,0.0,0.0,0.0,2.0,-1.0,2.0,-1.0,0.003993326081993329,0.16600457077421996,0.3052698120300586,-0.8487142929570646,-0.06889422119367816,0.26084719520038263,0.3162957817853013,-0.29563685635979803,0.8275783356503215,-0.5724086157408075,0.12123173515585883,-0.1070972526586126,0.05915379273639555,-0.030627790918901148,0
0,22.0,5,0.0,0.0,0.0,0.0,0.0,0.0,0.0,0.0,0.0,0.0,0.0,0.0,0.0,0.0,0.0,0.0,0.0,0.0,1.0,0.0,0.0,0.0,0.0,0.0,0.0,1.0,-3.0,1.0,-2.0,-0.21649160529990855,-0.8049212783594293,0.07638062764074412,0.17057796323643487,0.15321747909085429,-0.49066908268584386,-0.5072437554367815,-0.15036541800184436,-0.19026265469377895,0.09308920930807717,-0.33269205347291886,-0.21463058543120722,0.006780580089338416,0.04923869976354055,0
1,18.0,1,0.0,0.0,0.0,0.0,0.0,0.0,0.0,0.0,0.0,0.0,0.0,0.0,0.0,0.0,0.0,0.0,0.0,0.0,1.0,0.0,0.0,0.0,0.0,1.0,1.0,1.0,-2.0,1.0,-2.0,0.13390336906538577,0.32167470262123,-0.049975921489744085,0.29269032880925067,-0.14182031805728287,-0.2225615506390934,-0.37422858072917187,-0.49222425944436793,-0.25273991359440445,0.33156665182455003,-0.8517389861880758,-0.27093116407194795,0.12126115283328628,0.13602115775194173,0
1,22.0,1,1.0,0.0,0.0,0.0,0.0,0.0,0.0,0.0,0.0,0.0,0.0,0.0,0.0,0.0,0.0,0.0,0.0,0.0,0.0,0.0,0.0,0.0,0.0,0.0,0.0,1.0,-4.0,1.0,-4.0,-0.10835232233899797,0.03695881551011948,0.48223761094501805,-0.04968532870919323,-0.7633625400496536,-0.5225818811057494,0.185991273544468,0.07033599548908162,-0.3713969437938009,-0.5881833786860033,0.09831293490800566,0.32362683083196997,-0.007084267274440338,-0.07752289807494307,0
1,24.0,1,0.0,0.0,0.0,0.0,0.0,0.0,0.0,0.0,0.0,0.0,0.0,0.0,1.0,0.0,0.0,0.0,0.0,0.0,0.0,0.0,0.0,0.0,1.0,0.0,0.0,1.0,-1.0,1.0,-2.0,-0.8500312744473801,0.5209503235309159,0.0900252130695963,-0.29015634938961793,0.02645101340271418,-0.04862792233252197,-0.1588550267885073,-0.05950467011159014,-0.3325356128164464,0.2973053075869307,0.42357767905312443,-0.4626164640601794,0.17811155902614628,-0.24899390196310248,0
1,18.0,1,0.0,0.0,0.0,0.0,0.0,0.0,0.0,0.0,0.0,0.0,0.0,0.0,1.0,0.0,0.0,0.0,0.0,0.0,0.0,0.0,0.0,0.0,0.0,0.0,0.0,1.0,-2.0,1.0,-2.0,-0.8898519005164907,0.26670902179283873,0.05894817017902998,-0.2525123997482005,-0.11368511247574406,0.030277810351657032,-0.2889454228271427,0.24197318669788448,-0.410431001923446,-0.08421443278070653,0.07364897261367982,-0.10945969841736776,0.09316528612191315,-0.28343750680439866,0
1,21.0,1,0.0,0.0,0.0,0.0,0.0,0.0,0.0,0.0,1.0,0.0,0.0,0.0,1.0,0.0,0.0,0.0,0.0,0.0,0.0,0.0,0.0,0.0,0.0,0.0,0.0,2.0,-1.0,2.0,-1.0,-0.9363070546304496,0.6850913216314336,-0.18401658646073535,-0.21249691482136193,0.40989612175401025,0.5035635856192511,-0.46246889350868037,0.11973460668498728,-0.26487547822903906,-0.05056991232480693,0.05993408664200986,0.2854488704956033,0.05557024746238735,0.04184474943067534,0
1,43.0,1,0.0,0.0,0.0,0.0,0.0,0.0,0.0,0.0,0.0,0.0,0.0,0.0,0.0,1.0,0.0,0.0,0.0,0.0,0.0,0.0,0.0,0.0,0.0,0.0,0.0,1.0,-3.0,2.0,-3.0,-0.6495164667395431,-0.18650188010050656,0.15281693017299666,0.06633451635288486,-0.3352121225181158,-0.030662451942334853,0.7891411548908943,0.07022962835747465,-0.42167246073208015,0.13924351993097156,-0.12715141858350276,0.1561625051921932,-0.1842506697167632,0.31225503633030854,0
1,17.0,1,1.0,1.0,1.0,0.0,0.0,0.0,0.0,1.0,0.0,0.0,0.0,0.0,0.0,1.0,0.0,0.0,0.0,0.0,1.0,0.0,1.0,0.0,0.0,0.0,0.0,1.0,-1.0,1.0,-1.0,1.0281381915562762,-0.3394774995520298,-0.9525463550757988,-0.2844775084935279,0.28012458317394684,0.29157966552884335,0.7093528935499215,0.015250784434845243,-0.6154499257145055,0.00157881927672715,0.07979010013609523,0.006100317405781919,-0.6567702768152236,-0.7655839113494562,1
1,21.0,7,1.0,0.0,1.0,0.0,0.0,0.0,0.0,0.0,0.0,0.0,0.0,0.0,0.0,0.0,1.0,0.0,0.0,0.0,1.0,1.0,0.0,0.0,0.0,0.0,1.0,1.0,-1.0,1.0,-1.0,1.0140482970850295,0.027298132063965308,-0.716572692832423,0.07819767107133521,-0.19100848308518015,0.23523333387879253,-0.21858892138284156,-0.20233472566664437,0.19975958275529698,-0.8822840378247443,-0.29321602063189706,-0.7496962348305621,0.4669230630867589,0.14987448615819055,1
0,22.0,3,1.0,0.0,0.0,0.0,0.0,0.0,0.0,1.0,0.0,0.0,0.0,1.0,0.0,0.0,0.0,0.0,0.0,0.0,0.0,0.0,0.0,0.0,0.0,1.0,1.0,1.0,-3.0,1.0,-3.0,0.6889488733396271,0.2680178409223266,0.6061428489729044,-0.08701316692586596,0.2417432309922394,-1.1669508637370813,-0.025336541640596184,0.20925137600490318,0.606594120294517,-0.25447367684208616,-0.26198252950460615,0.4412670130609486,-0.5456535832712249,0.016815886015318245,1
1,23.0,7,0.0,0.0,0.0,0.0,0.0,1.0,0.0,0.0,0.0,0.0,0.0,0.0,0.0,0.0,0.0,0.0,1.0,0.0,0.0,0.0,0.0,0.0,0.0,0.0,0.0,1.0,-1.0,2.0,-2.0,-0.7804816029951485,0.07131563615940197,-0.1273904108486359,-0.13138260961752818,-0.28238343387645215,0.26473311380481523,-0.04359168781514049,-0.2431295049911313,0.3881712804615111,0.018133247765606413,0.06571635698796038,0.04157805069926076,-0.13292464098279097,0.3552562251565904,0
1,22.0,3,0.0,0.0,1.0,0.0,0.0,0.0,0.0,0.0,0.0,0.0,0.0,1.0,0.0,1.0,0.0,0.0,1.0,0.0,0.0,0.0,0.0,1.0,0.0,0.0,0.0,3.0,-1.0,3.0,-1.0,-0.3731775331598522,-0.2508095333034292,-0.2874118069295443,0.258698227770072,0.1332995747932026,1.188069735442113,0.8988043881369148,0.05157953584489144,1.2188856250700275,0.5932694182854779,0.025251742483096223,0.8593726167314897,-0.01975514286804643,-0.04729393046913837,0
0,27.0,1,1.0,0.0,1.0,0.0,0.0,0.0,0.0,0.0,0.0,0.0,0.0,0.0,0.0,0.0,0.0,0.0,0.0,0.0,0.0,0.0,0.0,1.0,0.0,1.0,0.0,2.0,-3.0,2.0,-3.0,0.4617297298573994,-0.20700562687139462,0.305099637665898,0.6729248146082268,0.24336169738372457,-0.5122603740035766,0.1733604381634405,0.20777917727728748,0.39613106206974064,0.02358330391412697,0.38975395894564296,0.9709542186913929,0.9153311825959022,-0.25097943292497255,1
1,21.0,2,0.0,0.0,0.0,0.0,0.0,0.0,0.0,1.0,0.0,0.0,0.0,1.0,0.0,0.0,0.0,0.0,1.0,0.0,1.0,1.0,0.0,1.0,0.0,0.0,0.0,2.0,-1.0,2.0,-1.0,0.4720567178437058,-0.5361846998134834,0.06669577355671988,-1.0978235492586992,-0.11096217181410714,0.9244960946089511,-0.399646570393725,-0.29816570085280675,0.9886611922144753,0.7367030219137825,-0.23388672611298805,0.2966751773119329,-0.19628814191110985,0.2954872766388382,1
1,25.0,3,0.0,0.0,0.0,0.0,0.0,0.0,0.0,0.0,1.0,0.0,0.0,0.0,1.0,0.0,0.0,0.0,0.0,0.0,0.0,0.0,0.0,0.0,0.0,0.0,0.0,1.0,-1.0,1.0,-2.0,-0.8477294813824061,0.6486942928692733,-0.12246954822125605,-0.21648495997496306,0.0653114173052756,0.21129837670802337,-0.5534735822516854,0.48873771889238704,-0.4005430003018712,-0.010533499616415188,-0.02040048886989079,-0.039853388188497256,0.004921048557870474,-0.07007744331142095,0
0,26.0,5,1.0,0.0,0.0,0.0,0.0,0.0,0.0,1.0,0.0,0.0,0.0,0.0,0.0,0.0,1.0,0.0,0.0,0.0,1.0,0.0,1.0,0.0,0.0,0.0,0.0,2.0,-3.0,2.0,-3.0,0.8002614917539703,-0.8761408045527757,0.39730141133179814,-0.0876614392139302,0.5189635451491019,-0.32873059893278705,-0.3185411991015336,-0.5643841405727739,-0.5078616019293498,-0.5936396984732886,0.34714815422935913,0.5203507814641758,-0.5728005467238317,-0.08663948135403143,1
1,21.0,3,0.0,0.0,0.0,0.0,0.0,0.0,0.0,0.0,0.0,0.0,0.0,0.0,0.0,0.0,0.0,0.0,0.0,0.0,0.0,0.0,0.0,0.0,1.0,0.0,0.0,1.0,-1.0,1.0,-3.0,-0.5939627079161905,0.22115597580291432,0.1808138891923064,-0.0457427696716972,-0.3394930722011621,-0.27506487005261926,0.1700882600753645,-0.3100282217890101,-0.14482778528134704,0.324027551642788,0.26624218860921967,-0.4708288812599567,0.08383859357414752,0.11840835734700458,0
0,30.0,1,1.0,0.0,0.0,0.0,0.0,0.0,0.0,0.0,0.0,0.0,0.0,0.0,0.0,0.0,0.0,0.0,0.0,0.0,1.0,1.0,0.0,0.0,0.0,0.0,0.0,1.0,-1.0,1.0,-1.0,0.4439668592890295,-0.5529625281880723,-0.061302766067517514,-0.6915214345907357,0.4887747714987543,-0.3335151972533282,-0.30416961309241397,-0.24570120276709864,0.1634182703380548,-0.4611182728668107,-0.21825462018508415,-0.5615311110306774,0.45139437578060576,-0.02089584341373196,1
0,29.0,5,0.0,0.0,0.0,0.0,0.0,0.0,0.0,0.0,0.0,0.0,0.0,1.0,1.0,0.0,0.0,0.0,0.0,0.0,0.0,0.0,1.0,1.0,0.0,0.0,0.0,1.0,-3.0,2.0,-4.0,-0.31286814470162644,-0.5290936935398267,1.472563563266964,0.3041615477864206,0.32425756884963347,0.34600445521127055,-0.31489576380490986,0.6792883349185104,0.13056368020430958,0.21654425825870086,0.4702431651587077,0.18471882744134233,-0.22582304241840215,-0.6158405562063052,0
0,40.0,2,0.0,0.0,0.0,0.0,0.0,0.0,0.0,0.0,0.0,0.0,0.0,0.0,0.0,0.0,0.0,0.0,0.0,0.0,0.0,0.0,0.0,0.0,0.0,0.0,0.0,2.0,-1.0,2.0,-1.0,-0.7672269431558576,-0.3514758521002388,0.08007019393965684,0.044344194926135616,0.6326481784428947,-0.22739470517482666,0.002222628226465466,-0.2959437753105961,0.34871782371305354,-0.15884851225391344,-0.034109148302086265,0.055322893502589926,0.16106298603921865,0.1471081057868832,0
1,27.0,5,0.0,0.0,1.0,1.0,0.0,0.0,0.0,1.0,0.0,0.0,0.0,0.0,0.0,0.0,0.0,0.0,0.0,0.0,1.0,1.0,0.0,1.0,0.0,0.0,0.0,1.0,-3.0,1.0,-3.0,1.0779348558388238,-0.7090143320289085,-0.2840978399718371,-0.26240280876047545,-0.727055541182998,0.38590606027359,-0.37695187706279915,0.47173287647933254,-0.09768893497009898,0.6235717735832552,0.2561536327852457,0.09035045029003505,0.39564520415468085,0.21916890131393318,1
1,32.0,1,0.0,0.0,0.0,0.0,0.0,0.0,0.0,0.0,0.0,0.0,0.0,0.0,0.0,0.0,0.0,0.0,0.0,0.0,0.0,0.0,0.0,1.0,0.0,0.0,0.0,1.0,-2.0,1.0,-2.0,-0.450851922001658,-0.16192670097207873,0.36243422355357885,-0.10307687148911399,-0.4659289664737077,0.15009547671323908,0.10989793424216455,0.20245994383984775,0.029838529020977625,0.2761920741141096,-0.26820201740915234,0.09381932136262881,0.5390736359512331,-0.11257830734905144,0
1,23.0,7,0.0,0.0,1.0,0.0,0.0,0.0,0.0,0.0,0.0,0.0,0.0,0.0,0.0,0.0,1.0,0.0,0.0,0.0,1.0,0.0,0.0,0.0,0.0,0.0,0.0,1.0,-3.0,1.0,-3.0,0.0725401796670315,-0.6063090743071896,-0.5348204678543116,0.6499038683998135,-0.7551015748882483,-0.0902372854358269,-0.41161332547436097,-0.12067139353519063,-0.3219819078211303,-0.0469676198546333,0.047977851818265936,-0.16536859749161634,0.03201750170474322,-0.03829699337327322,0
0,19.0,2,0.0,0.0,1.0,0.0,0.0,0.0,0.0,0.0,0.0,0.0,0.0,0.0,0.0,0.0,1.0,0.0,0.0,0.0,0.0,0.0,0.0,0.0,0.0,0.0,0.0,1.0,-3.0,1.0,-2.0,-0.3125948699907582,-0.6191965608860417,-0.3084079617787616,0.7129677445379307,0.04699289504402884,-0.6544819833368929,-0.13042778505896688,0.3812266558644075,0.1433552106387706,-0.2884340139183013,0.32698732377545037,-0.13774280243980044,0.1110825254602108,0.09646565858994707,0
1,22.0,6,1.0,1.0,1.0,0.0,1.0,0.0,0.0,1.0,1.0,0.0,1.0,0.0,0.0,0.0,0.0,0.0,0.0,0.0,0.0,1.0,0.0,0.0,0.0,1.0,1.0,1.0,-3.0,1.0,-2.0,1.5784959308178341,1.4420873039093132,-0.3647898402373544,0.14874327560327086,-0.10856474760262569,-0.5515305596139467,-0.14245799951586405,0.5581996568672412,0.11157840814844447,-0.09653067800099471,-0.03985457981782467,0.1923387029281622,-0.2571336139860316,0.436583672126768,1
0,21.0,6,0.0,0.0,1.0,0.0,0.0,0.0,0.0,0.0,0.0,0.0,0.0,0.0,0.0,0.0,0.0,0.0,0.0,1.0,1.0,0.0,1.0,0.0,0.0,0.0,1.0,2.0,-2.0,2.0,-4.0,0.6128620371258959,-0.5417587871671521,0.19402729679334776,1.4513830471233016,0.5962497846754317,0.3620327253177561,-0.3253347203889273,-0.31905048455271884,-0.17945331750349197,-0.18547980630904073,-0.03138082316834319,-0.27978604418542796,-0.45479551214440483,-0.02621421581000956,1
0,22.0,6,1.0,0.0,1.0,0.0,0.0,0.0,0.0,0.0,1.0,0.0,0.0,0.0,0.0,0.0,0.0,0.0,0.0,0.0,0.0,0.0,0.0,0.0,0.0,0.0,0.0,1.0,-4.0,1.0,-4.0,0.2917101103516857,-0.10656224030685839,-0.011236873649033472,0.7731116626401565,-0.13681379080190417,-0.7291466575850842,-0.20927111089608502,0.7930324119668948,-0.05184972494545222,-0.6025355106828694,0.4104250530166244,0.4527034503967415,-0.015661075411353864,0.13983038274251725,0
1,19.0,3,1.0,0.0,1.0,0.0,1.0,0.0,1.0,1.0,0.0,0.0,0.0,0.0,0.0,0.0,0.0,0.0,0.0,0.0,1.0,0.0,0.0,0.0,1.0,1.0,1.0,1.0,-1.0,1.0,-3.0,1.472854986712655,0.9483034504421102,-0.4824572351489723,0.36171510129798434,-0.19174641968644263,-0.7927216787402047,0.001592413939072344,-0.9439946636321529,-0.02660265723333726,0.41899477389951684,-0.05723585654345966,-0.071079164599412,0.02868557212559713,-0.40830686869244615,1
1,19.0,3,1.0,0.0,1.0,0.0,0.0,0.0,0.0,1.0,1.0,0.0,0.0,0.0,0.0,0.0,0.0,0.0,0.0,0.0,1.0,0.0,0.0,0.0,0.0,0.0,1.0,1.0,-3.0,1.0,-2.0,1.1786643564539991,0.3375030444983497,-0.826573935406639,0.26341531314460487,-0.2931303725870328,-0.06722649145278477,-0.4335828809000286,0.14926530372627198,-0.2698896182295672,-0.4190517927846066,-0.35579269954688447,0.36835892075796617,-0.41486476686938123,0.16502736226034093,1
0,18.0,2,0.0,0.0,0.0,0.0,0.0,0.0,0.0,0.0,0.0,0.0,0.0,0.0,0.0,0.0,0.0,0.0,0.0,0.0,0.0,0.0,0.0,0.0,0.0,1.0,0.0,1.0,-1.0,1.0,-2.0,-0.5168993311389274,-0.03810396762196851,0.14147713171280102,0.09169606327770764,0.48065361432308884,-0.8613584991485012,-0.12089564135557027,-0.008656743398102079,0.14233682645433612,0.30164315369256456,-0.10620395599577237,-0.1069502846356957,0.3128367871696519,0.049029221644880425,0
0,20.0,1,0.0,0.0,0.0,0.0,0.0,0.0,0.0,1.0,0.0,0.0,0.0,0.0,0.0,0.0,0.0,0.0,0.0,0.0,1.0,0.0,0.0,0.0,0.0,0.0,0.0,2.0,-2.0,2.0,-1.0,0.01738509157620094,-0.7933912498154849,-0.2737689394653443,-0.31012791671270074,0.6549107122536864,-0.30377297824093563,-0.4401928098473301,-0.575320998292879,-0.07907994785025853,0.19722062109045335,-0.16788259019379387,0.3674322060368282,-0.2830939028943978,0.20977046544394734,0
0,20.0,1,1.0,0.0,1.0,0.0,0.0,0.0,0.0,1.0,0.0,0.0,0.0,0.0,0.0,1.0,0.0,0.0,0.0,0.0,1.0,1.0,1.0,1.0,0.0,0.0,1.0,1.0,-1.0,1.0,-1.0,1.8302895182863603,-0.6506934868755665,-0.24828269711284223,-0.1466493839396918,0.9459897760729059,0.46106506883028836,0.5331853788887548,0.47088178702635647,-0.040367780156902115,-0.11747580133285143,-0.3224041329959859,-0.30722112452392236,0.1380725867769383,-0.08481648774138696,1
0,21.0,5,0.0,0.0,0.0,0.0,0.0,0.0,0.0,0.0,0.0,0.0,0.0,0.0,0.0,0.0,1.0,0.0,0.0,0.0,0.0,0.0,0.0,0.0,0.0,0.0,0.0,2.0,-3.0,1.0,-3.0,-0.5732160517839489,-0.5639117779087741,0.41410879251334437,0.34527381888704767,0.1628078857567378,-0.6526268872219961,-0.20216801332933132,0.05929912179371848,-0.03259105788469199,-0.3581753161489003,0.02076626721206209,0.11353069390385424,0.02648085699823901,0.33938433549410923,0
1,19.0,1,0.0,0.0,0.0,0.0,0.0,0.0,0.0,0.0,0.0,0.0,0.0,0.0,0.0,0.0,0.0,0.0,0.0,0.0,0.0,0.0,0.0,0.0,1.0,0.0,0.0,1.0,-2.0,2.0,-2.0,-0.6211687665560811,0.20770893687366038,0.1673573584189294,-0.009495887021546759,-0.22411078630556833,-0.15997505245290716,0.2327064493989119,-0.4744358288970369,-0.11806925251640603,0.32552514859170173,0.41384283992636395,-0.2903956491457975,0.07526851939990109,0.2638191921210743,0
0,30.0,3,0.0,0.0,1.0,0.0,0.0,0.0,0.0,0.0,0.0,0.0,0.0,0.0,0.0,1.0,0.0,0.0,0.0,0.0,1.0,0.0,0.0,1.0,0.0,0.0,0.0,1.0,-3.0,1.0,-3.0,0.3096848803455653,-1.1643520569018035,-0.19137223663512667,0.69463679018227,0.10080404085332899,-0.048045465380451555,0.2851931646009988,0.5726920312256929,-0.17627951407857775,0.6296380358706992,-0.3367520429263686,0.14391596583929492,0.4163479179808768,-0.17355012592773988,0
0,21.0,6,0.0,1.0,0.0,0.0,0.0,0.0,0.0,0.0,0.0,0.0,0.0,0.0,1.0,0.0,0.0,0.0,0.0,0.0,0.0,0.0,0.0,0.0,0.0,0.0,0.0,2.0,-1.0,1.0,-2.0,-0.8140007344923356,-0.043887789721323706,0.15143031008855642,-0.05506208365264016,0.8174977741138224,-0.18428259708516986,-0.4321508852513148,0.3592096349753277,-0.07125419263434817,-0.1550422499453641,0.08394399505484466,-0.023574067454787177,0.07989326445051236,-0.31844059499592253,0
1,21.0,5,0.0,0.0,1.0,0.0,0.0,0.0,0.0,0.0,0.0,0.0,0.0,0.0,0.0,0.0,0.0,0.0,0.0,0.0,0.0,0.0,0.0,0.0,1.0,0.0,0.0,1.0,-3.0,1.0,-3.0,-0.25017775614199766,0.06061663086425688,-0.17896680867489093,0.6231074068082145,-0.6725898096162739,-0.29310615430005466,0.18347993287966083,0.03044937662951385,-0.09632965158193817,0.2852960580339438,0.649921891288824,-0.29636895010381625,0.08167995890971545,0.12706546445994796,0
1,27.0,1,1.0,0.0,0.0,0.0,1.0,0.0,1.0,0.0,0.0,0.0,0.0,0.0,0.0,0.0,0.0,0.0,0.0,0.0,0.0,0.0,0.0,0.0,0.0,0.0,1.0,3.0,-1.0,1.0,-1.0,0.10257691127108602,0.9813313415467653,0.1807967353379883,0.05232965653174029,0.1402309208229528,-0.10810424229829163,0.39265337810876233,-0.8365301676560267,0.35821758212393673,-0.7859027760680777,-0.7596920223797421,0.14677353011542582,0.21559377102966354,-0.36437664313971263,0
1,32.0,2,1.0,0.0,0.0,1.0,0.0,0.0,0.0,0.0,0.0,0.0,0.0,0.0,1.0,0.0,0.0,0.0,0.0,0.0,0.0,0.0,0.0,0.0,0.0,0.0,0.0,1.0,-3.0,1.0,-2.0,-0.315220132184417,0.4663616167816122,0.1670517816972661,-0.4865925448254136,-0.2430624329451198,-0.139799200050782,-0.1282160596529746,0.4234318260384115,-0.34243025983199316,-0.5188229704335318,0.34904528627608605,0.1998585228712057,0.23566554935604894,-0.5909100764527743,0
1,18.0,1,1.0,0.0,0.0,0.0,1.0,0.0,1.0,0.0,0.0,0.0,1.0,0.0,0.0,0.0,0.0,0.0,0.0,1.0,0.0,0.0,1.0,0.0,1.0,1.0,1.0,1.0,-1.0,1.0,-2.0,0.7932666535723963,1.6898013757643,0.72897744837164,0.44824476925067547,0.3618693629938535,-0.516524507014282,0.4912559746292325,-0.8411996092065734,-0.10770716792921974,0.2343112216775227,-0.06855921694988283,-0.6826336728113142,-0.20534303386807481,-0.6624186743878828,1
1,25.0,4,0.0,0.0,1.0,0.0,0.0,0.0,0.0,0.0,0.0,0.0,0.0,0.0,0.0,0.0,0.0,0.0,0.0,0.0,1.0,0.0,0.0,0.0,0.0,0.0,0.0,1.0,-1.0,3.0,-1.0,-0.1310807189160205,-0.3944480883282891,-0.8775710023457892,0.4102601865349207,-0.13388806001402678,0.47662620394006183,-0.15915841238411,-0.6526117964857304,0.04507092824759759,0.15176054746424988,0.1636350975754521,-0.08411998221020031,0.17455530498741875,-0.10514679835324009,0
0,22.0,4,1.0,1.0,1.0,1.0,1.0,0.0,0.0,1.0,1.0,0.0,1.0,1.0,0.0,0.0,0.0,0.0,0.0,1.0,1.0,1.0,1.0,1.0,1.0,1.0,1.0,1.0,-2.0,1.0,-2.0,2.677738087841073,0.8394412130363845,0.4762748114121286,0.3163791774382059,0.8740210911006216,-0.1288035061760515,-0.37036210141675824,0.5544161656343114,0.6704898164631898,1.0816669919218254,0.28821453508268224,-0.36235549127856426,-0.47197708661125615,-0.433379146425153,1
1,25.0,14,0.0,0.0,0.0,0.0,0.0,0.0,0.0,0.0,0.0,0.0,0.0,0.0,0.0,0.0,0.0,0.0,0.0,0.0,0.0,0.0,0.0,1.0,0.0,0.0,0.0,1.0,-3.0,1.0,-3.0,-0.327818403354403,-0.23917487521508926,0.5894192506280451,0.16745845705796905,-0.7333397788764556,0.10084726890066248,0.00985596301514033,0.3561067514171456,-0.0666717906140479,0.16599903700682891,-0.14768023527984706,0.19543529557217923,0.5294493562734014,0.11991068103204261,0
1,32.0,7,0.0,0.0,1.0,0.0,0.0,0.0,0.0,0.0,0.0,0.0,0.0,0.0,0.0,0.0,0.0,0.0,0.0,0.0,1.0,0.0,0.0,0.0,0.0,0.0,1.0,1.0,-2.0,1.0,-2.0,0.26955469931825815,-0.10563180839818756,-0.6089206273776742,0.7891885792205658,-0.44325304565509344,0.22305907014412352,-0.3106121406545063,-0.168404237655013,-0.025714614605291026,-0.12245312920997117,-0.5228973131308035,-0.4277289292292928,0.019003341673808564,0.01638104428606949,0
0,23.0,5,1.0,0.0,1.0,0.0,0.0,0.0,0.0,1.0,0.0,0.0,0.0,0.0,0.0,0.0,0.0,1.0,0.0,0.0,1.0,0.0,0.0,0.0,0.0,0.0,0.0,1.0,-1.0,1.0,-1.0,0.7820194476374415,-0.635746835189764,-1.0351348187432519,-0.15502166749534507,0.39184210387833146,-0.5190488356261724,-0.2089339134541582,-0.16825978936660033,0.25348001869788,-0.3520092282401695,0.3952040529361721,0.031083193537205008,0.03783269363371482,-0.3924117360652174,1
0,24.0,8,0.0,0.0,0.0,0.0,0.0,0.0,0.0,1.0,0.0,0.0,0.0,0.0,0.0,0.0,0.0,0.0,1.0,0.0,1.0,0.0,0.0,0.0,0.0,0.0,0.0,1.0,-3.0,1.0,-3.0,0.1267344397643662,-0.8551498242674562,-0.0992200752038134,-0.19671115272613668,0.041253418611903896,-0.48104773696216846,-0.729191457317287,-0.05996626731959233,0.04509923102198876,0.29598682668270704,-0.12347751185727342,0.30619142639868535,-0.6211371835395393,0.4221006470044716,0
0,28.0,4,0.0,0.0,1.0,0.0,0.0,0.0,0.0,1.0,0.0,0.0,0.0,0.0,0.0,0.0,0.0,0.0,1.0,0.0,0.0,0.0,0.0,0.0,1.0,0.0,0.0,1.0,-1.0,1.0,-1.0,-0.04370348964829506,-0.21904381348065824,-0.7419806958511062,0.025505556373920383,0.38505747887341185,-0.5023078294099697,-0.0860415665274164,0.08888071059638444,0.6992953416747753,0.48245839099887905,0.7118303641672646,-0.10097878743152765,-0.3229952968395636,0.30081353952305956,0
1,24.0,5,1.0,0.0,1.0,0.0,0.0,0.0,0.0,1.0,0.0,0.0,0.0,0.0,0.0,1.0,0.0,0.0,0.0,0.0,1.0,1.0,0.0,0.0,0.0,0.0,0.0,1.0,-1.0,2.0,-1.0,1.0487375615307348,-0.38892403782856444,-1.086954673374446,-0.6997284462777593,0.06083147932180324,0.26825937826307145,0.5876544534687667,-0.12534687643955383,-0.1607222523397597,-0.12592229534608268,0.13925953219881224,-0.008499476359533725,0.03006764129164381,0.15533474636780537,1
0,19.0,1,0.0,0.0,0.0,0.0,0.0,0.0,0.0,0.0,0.0,0.0,0.0,0.0,0.0,1.0,0.0,0.0,0.0,0.0,0.0,0.0,0.0,0.0,0.0,0.0,0.0,1.0,-2.0,1.0,-2.0,-0.6306752785196454,-0.49407616577304264,0.031180309718740293,0.027179880381571368,0.5009020553182203,-0.5200756014880299,0.6254115171440077,0.38035477163407583,-0.17048202089612194,0.10904630170137077,-0.3042218662030999,-0.15369044430771966,-0.05873747259051682,0.17246164517438875,0
1,20.0,1,0.0,0.0,0.0,0.0,0.0,0.0,0.0,0.0,1.0,0.0,0.0,0.0,1.0,0.0,0.0,0.0,0.0,0.0,0.0,0.0,0.0,0.0,0.0,1.0,0.0,2.0,-1.0,2.0,-1.0,-0.7868362024310527,1.0169727138548104,-0.1367388368196059,-0.13590375240299832,0.5124494806379827,0.17652097581976797,-0.5078379312768757,0.027640384311874957,-0.25656271892803323,0.3458137413547263,0.06576571108390432,0.45184295297428584,0.2595813225996945,0.06051638103067378,0
0,18.0,2,0.0,0.0,0.0,0.0,0.0,0.0,0.0,0.0,0.0,0.0,0.0,0.0,1.0,0.0,0.0,0.0,0.0,0.0,0.0,0.0,0.0,0.0,0.0,0.0,0.0,1.0,-1.0,1.0,-1.0,-0.9105306132085836,-0.06906735924605652,0.0011401995577200751,-0.2109655019005842,0.7421556253304905,-0.3017732143341049,-0.41445372883412696,0.34710005502523367,-0.055013229718656596,-0.1362098317607695,0.05449950733379334,-0.2700416734653257,0.21615634965062525,-0.3136432158055952,0
1,18.0,2,1.0,0.0,0.0,0.0,0.0,0.0,0.0,1.0,0.0,0.0,0.0,0.0,0.0,0.0,0.0,0.0,0.0,0.0,0.0,0.0,0.0,0.0,0.0,0.0,0.0,2.0,-1.0,2.0,-1.0,0.02566735656980422,0.19024615691181004,-0.27825884561767655,-0.7761539915264012,0.10405615459237533,-0.12898812567174006,0.2931872027523216,-0.49556141379004237,0.039660399180558,-0.5070363573057437,0.14626031414775664,0.6394823854738169,-0.09350942628861163,-0.04870740815823138,0
1,25.0,2,0.0,0.0,0.0,0.0,0.0,0.0,0.0,0.0,0.0,0.0,0.0,0.0,0.0,0.0,0.0,0.0,0.0,0.0,0.0,0.0,0.0,0.0,0.0,0.0,0.0,1.0,-2.0,1.0,-2.0,-0.6754052224189007,-0.0051121091752342265,0.04705358880602274,-0.0934056763800947,-0.406532647772509,-0.16142413097651195,0.06349456060886122,-0.04625823147754734,-0.12503086470372754,-0.0531340071846827,-0.13031792560729735,-0.16052427170799816,0.033132980676892465,0.046081753788684454,0
1,30.0,1,1.0,0.0,0.0,0.0,0.0,0.0,0.0,0.0,0.0,0.0,0.0,1.0,0.0,0.0,0.0,0.0,1.0,0.0,0.0,0.0,0.0,0.0,0.0,0.0,0.0,1.0,-3.0,1.0,-3.0,-0.22331776873074027,0.10971150546920816,0.4239001100048471,-0.37257903219127575,-0.748088117490406,-0.18706742281265074,0.1015439740284392,0.11491790289826104,0.7584023291881101,-0.34611962586607353,0.0274461777973654,0.3031109762175407,-0.5714199461944676,-0.2729965207023857,0
1,26.0,1,0.0,0.0,0.0,0.0,0.0,0.0,0.0,0.0,0.0,0.0,0.0,0.0,0.0,0.0,0.0,0.0,0.0,0.0,1.0,0.0,0.0,0.0,0.0,1.0,0.0,1.0,-3.0,1.0,-3.0,-0.09585224199240193,-0.09997661042075988,0.09149548125234322,0.10914249574278197,-0.49328415875388715,-0.43600595399459535,-0.39841966051445454,-0.42548419623246825,-0.47248922485562467,0.5725813156365985,-0.3506100900707773,0.03890661739755727,0.1116606490942264,-0.007835180867305218,0
1,19.0,2,1.0,0.0,1.0,0.0,1.0,0.0,0.0,1.0,0.0,0.0,1.0,0.0,0.0,0.0,0.0,0.0,0.0,0.0,1.0,0.0,0.0,0.0,0.0,1.0,0.0,1.0,-3.0,1.0,-2.0,1.1661785411097263,0.38494483920952743,-0.6731978442854962,0.050648280929665085,-0.4058987124282642,-0.852847673592409,-0.19508132170367568,-0.3744449625001741,-0.2276455250212541,0.34362888252309326,0.010362304888999013,0.5244459521018188,-0.16323654045746616,-0.5949587575822846,1
1,26.0,4,1.0,0.0,0.0,0.0,0.0,0.0,0.0,1.0,0.0,0.0,0.0,0.0,0.0,0.0,0.0,0.0,0.0,0.0,1.0,0.0,0.0,0.0,0.0,0.0,0.0,1.0,-1.0,1.0,-2.0,0.4854674465655981,-0.2028608485438452,-0.4230182295078784,-0.7908273011280196,-0.24555415219773463,-0.27002301777812926,-0.18680229874944249,-0.49401522673809867,-0.3008438222770922,-0.2381001548682045,-0.22552879028487197,0.2177956076665385,-0.1777106240530305,-0.3166273951328859,1
1,19.0,1,0.0,0.0,0.0,0.0,0.0,0.0,0.0,0.0,1.0,0.0,1.0,0.0,1.0,1.0,0.0,0.0,0.0,0.0,0.0,0.0,1.0,0.0,0.0,0.0,1.0,1.0,-2.0,1.0,-2.0,-0.2420682258317189,0.9838760750687443,0.22837176279863386,0.3154835954954978,0.611248819907688,0.6443171664088184,0.199251506560239,0.8142065663253967,-0.90803448077827,0.0115627138364446,-0.4708273474476881,-0.329894383965187,-0.7463859559876158,-0.023923919956446067,0
1,19.0,2,0.0,0.0,0.0,0.0,0.0,0.0,0.0,0.0,0.0,0.0,0.0,1.0,0.0,0.0,0.0,0.0,0.0,0.0,0.0,0.0,0.0,0.0,0.0,0.0,0.0,1.0,-3.0,1.0,-3.0,-0.5936034276980704,-0.11785547412970807,0.49075106391067996,-0.048496983690657774,-0.7068950092304113,-0.2104271146698001,0.05352223903813523,0.13901620878451892,0.30896766049130664,0.06993496098896891,-0.0963358625766632,-0.07419383942910683,-0.47053617819385124,-0.13493436756893537,0
0,28.0,5,0.0,0.0,0.0,0.0,0.0,0.0,0.0,0.0,0.0,1.0,0.0,1.0,0.0,0.0,0.0,0.0,0.0,0.0,0.0,0.0,0.0,0.0,0.0,0.0,1.0,2.0,-1.0,1.0,-1.0,-0.4305872281746518,-0.062124877710355145,0.3490202387862167,0.2889781434014964,0.6100650292387376,-0.1804964901955023,-0.012349029329262459,0.012653023978114238,1.0435159466588073,-0.304931521780886,-0.6828748161637692,-0.36752345017538457,-0.3614369750458335,-0.01137418024988068,0
1,30.0,1,0.0,0.0,0.0,0.0,1.0,0.0,1.0,0.0,1.0,0.0,0.0,0.0,0.0,0.0,0.0,0.0,0.0,0.0,0.0,0.0,0.0,0.0,1.0,1.0,0.0,2.0,-1.0,2.0,-2.0,-0.2967889035528593,1.2966310745106648,0.22633596987595622,0.2569762396298904,0.13095837881076658,-0.42233918773943174,0.03604617764537553,-0.8487802154622812,0.04824870066148255,0.8918828668952943,0.13957810182599925,0.11033273241339733,0.20645488512017915,0.197801124344918,0
